student_id,name,email,department,year,registration_date,photo_path
23EIR054,Lokeshkumar S,lokeshkumars.23eie@kongu.edu,Electronics and Instrumentation Engineering,3,2025-08-20 16:04:11,uploads\20250820_160411_61_-_LOKESH_KUMAR_S_23EIR054.jpg
23EIR023,Dharshini K S,dharshinis.23eie@kongu.edu,Electronics and Instrumentation Engineering,3,2025-08-20 16:15:42,uploads\20250820_161832_IMG_8219_-_Dharshini_Kumar.JPG
23EIR008,Aswin Sampath Kumar,aswinsampathkumar.23eie@kongu.edu,Electronics and Instrumentation Engineering,3,2025-08-20 21:52:46,uploads\20250820_215246_background-replacer-result_2_-_ASWIN_SAMPATH_KUMAR_23EIR008.png
23EIL119,Moohith S,moohiths.23eie@kongu.edu,Electronics and Instrumentation Engineering,3,2025-08-20 21:54:05,uploads\20250820_215405_IMG_20250723_214311_-_MOOHITH_S_23EIL119.jpg
mohammed123,Mohammed Suhail,mohammedsuhailf.23eie@kongu.edu,Electronics and Instrumentation Engineering,3,2025-08-21 09:01:04,uploads\20250821_090104_WIN_20250820_16_24_14_Pro.jpg
23EIR007,Arulventhan GM,arulventhan@123mail.com,Electronics and Instrumentation Engineering,3,2025-08-21 14:29:11,uploads\20250821_142911_20250818_121946PMByGPSMapCamera.jpg
23EIR058,Mahi,mahibalans.23eie@kongu.edu,Electronics and Instrumentation Engineering,3,2025-08-21 15:26:07,uploads\20250821_152607_WIN_20250821_15_24_25_Pro.jpg
